{
    "expression": "val(x,y) = p00 + p10*x + p01*y + p20*x^2 + p11*x*y + p02*y^2 + p30*x^3 + p21*x^2*y + p12*x*y^2 + p03*y^3",
    "arrangement": "[p00, p10, p01, p20, p11, p02, p30, p21, p12, p03]", 
    "data":
    {
        "qy":
        {
            "x40": [-2.5381563741499873,-58.381758247898233,167.1639331676559,49.93132146387947,47.060756638752338,48.478582753309595,-7.6257794047771874,-112.57731079013612,140.79244989793585,-674.82562005978878],
            "x41": [1.0430869249664381,-113.30094293698839,139.13049425431581,-45.711163940232,27.071378992830411,25.355388390198691,437.25187861111834,-340.51332246534861,90.113579405601911,-406.52655380668807],
            "x44": [-2.3187590258760817,-124.60027448736852,117.79012133153842,-30.722063730074307,-9.2196770202242178,-95.905057547398656,119.18280471874567,-491.95593626723638,319.86751407687797,119.35595531697379],
            "x45": [-1.113665128159536,-129.61150147175206,187.60291717321516,-16.01420186798827,-28.954947139081096,10.305773816008598,573.33186467008306,-1022.9410614953866,-178.28617216989676,-1093.7649288793],
            "x48": [-0.2560787465702048,-143.43628200109208,171.39375796742848,8.8376543281810367,7.2317290374715926,-83.232454839489264,309.8363689904308,-1117.1233796251463,170.25542049250086,-882.85955765768654],
            "x4A": [-0.87023865717958326,-87.206412677071981,221.22739785633215,3.7357571919853387,-67.747726111971588,25.527969925991695,308.31486454779457,-938.03813557292722,-146.64173460216151,-1599.4604178644067]
        },
        
        "qz":
        {
            "x40": [0.78434647767757892,110.08766192569023,93.750655234131088,-77.926293801468972,44.092421248838335,-25.337682009650234,-0.37228912726953983,-106.75810934283999,-370.56976062820343,-167.53092854150964],
            "x41": [-2.3016375675079095,157.74201093425913,98.897955485551876,23.168552599263936,46.346541124648155,43.450294233213356,-560.59170323435535,-339.72502806651579,-481.34667325155533,-149.13599131212385],
            "x44": [-1.0657020940808815,103.87467852035991,133.07720342475162,0.42539633085213857,-3.6120340410580285,-48.4139010501862,-199.77132658948219,-134.49966549007306,-4.7251972067398675,-137.295989735194],
            "x45": [0.96340280282126534,177.85566187508306,131.44117300171712,-112.98501301403489,42.710168473970768,-63.136169981213911,-621.0187426456871,-790.64068350176569,-1160.0439896975715,-209.78623038573903],
            "x48": [-1.0152348684667341,230.18619548150812,122.84089755137079,-251.03690028161284,7.9933433257153395,-89.213526518448944,-689.39882947967567,-1094.044720463469,-561.06488599158365,-171.99118627534807],
            "x4A": [-0.15126902573158274,189.51104798028513,95.272895763974418,-60.416498557665491,33.4647859076084,-42.999551826425652,-813.00315746928356,-558.36820274490162,-1140.1010533128631,-51.093165695406555]
        }
    }
}