{
    "expression": "val(x,y) = p00 + p10*x + p01*y",
    "arrangement": "[p00, p10, p01]", 
    "data":
    {
        "qy":
        {
            "0x40": [-0.75937899010294552,-38.6259217301041,142.54416012900953],
            "0x41": [0.76693736608909779,-98.958878487620922,120.99382296343946],
            "0x44": [-3.6219189696677674,-118.02440774899985,112.24778326099374],
            "0x45": [-1.3289186484899997,-119.02342980010907,153.42291345240625],
            "0x48": [-0.93588938323005,-136.9666447812597,146.04584684337163],
            "0x4A": [-0.88039286965665386,-81.12832568825624,181.22231287247831]
        },
        
        "qz":
        {    
            "0x40": [-0.032940069885424007,121.61384110224451,84.917815785704576],
            "0x41": [-1.2382697555528437,130.957796441201,86.75723744076349],
            "0x44": [-1.4811826584520964,96.550071857968234,127.08370357338082],
            "0x45": [-0.27112621486308719,158.29492728008779,119.74123822692904],
            "0x48": [-2.8021158851974945,208.69624838270653,116.14475853948956],
            "0x4A": [-0.97784443029098633,164.66913967479132,89.008500591857086]
        }
    }  
}